Empno, Firstname, Lastname, MiddleInit, Suffix, Address1, Address2, City, State, Zip, Phone, Gender, Status, HireDate, TerminateDt, PayCd
business.Employee@5a411e73
business.Employee@794d008d
business.Employee@4c32bdae
business.Employee@751080e0
business.Employee@27f0bab7
business.Employee@36289fac
business.Employee@6f2e9b0a
business.Employee@1ec8018f
business.Employee@3c4f35e3
business.Employee@4e681839
business.Employee@55853c35
business.Employee@b9f9b73
business.Employee@4e3a57ce
business.Employee@401d27e0
business.Employee@3c85cf42
business.Employee@4b368fa2
business.Employee@572e352d
business.Employee@7e253a0f
business.Employee@6cc81556
business.Employee@13fcccf2
business.Employee@355d14fd
business.Employee@62ffa51b
business.Employee@4eb16eb7
business.Employee@3bdfa0cf
business.Employee@66f8b1b5
business.Employee@79b0170c
business.Employee@3cb11a5b
business.Employee@7a2e1cda
business.Employee@59f87f33
business.Employee@20891b77
business.Employee@145eaeff
business.Employee@1e9ca862
business.Employee@4874d65
business.Employee@6c3dbc21
business.Employee@df5de0f
business.Employee@76d1b86b
business.Employee@48032fb1
business.Employee@49de5e24
business.Employee@6a78e4b6
business.Employee@11111b72
business.Employee@40bec046
business.Employee@7baa890b
business.Employee@565a9f9c
business.Employee@4f09d4ae
business.Employee@798381f9
business.Employee@56cead13
business.Employee@54ea7e29
business.Employee@55c76cbe
business.Employee@30aea3b6
business.Employee@132b2685
business.Employee@14b719ff
business.Employee@7a7b254b
business.Employee@3f0d8aa1
business.Employee@75d88ccb
business.Employee@590c1b6e
business.Employee@7afe2c79
business.Employee@2975f905
business.Employee@187a8634
business.Employee@2114393e
business.Employee@2a025481
business.Employee@2cb93d15
business.Employee@603e5590
business.Employee@60e35d60
business.Employee@587dbba1
business.Employee@3dc9642e
business.Employee@2f4924d2
business.Employee@55bb7406
business.Employee@602e7da3
business.Employee@16b09d9c
business.Employee@70b9542c
business.Employee@7eac1579
business.Employee@6dfcac6a
business.Employee@7fb28034
business.Employee@4590a3da
business.Employee@5b0971cc
business.Employee@531e093b
business.Employee@3846904c
business.Employee@78087aed
business.Employee@681fe331
business.Employee@4beb78d8
business.Employee@47a34519
business.Employee@7c479012
business.Employee@6b56e2c0
business.Employee@7b6b6aca
business.Employee@263d7333
business.Employee@663ab0e6
business.Employee@3a260e03
business.Employee@1abb1eb7
business.Employee@57d25238
business.Employee@645c75a4
business.Employee@6e80293a
business.Employee@2c0cccfb
business.Employee@690a08d0
business.Employee@6efcb100
business.Employee@15a9c1c
business.Employee@4bfbf3d8
business.Employee@720e3eff
business.Employee@7971e50f
business.Employee@2c9e3c41
business.Employee@386f7f39
